<?xml version="1.0" encoding="UTF-8"?>
<beans xmlns="http://www.springframework.org/schema/beans"
	xmlns:xsi="http://www.w3.org/2001/XMLSchema-instance" xmlns:context="http://www.springframework.org/schema/context"
	xmlns:aop="http://www.springframework.org/schema/aop"
	xsi:schemaLocation="http://www.springframework.org/schema/aop http://www.springframework.org/schema/aop/spring-aop-3.1.xsd
		http://www.springframework.org/schema/beans http://www.springframework.org/schema/beans/spring-beans.xsd
		http://www.springframework.org/schema/context http://www.springframework.org/schema/context/spring-context-3.1.xsd">

	<context:component-scan base-package="concursantes" />

	<bean id="jasonSax" class="concursantes.Musico">
		<property name="cancion" value="Equinox" />
		<property name="instrumento">
			<bean class="concursantes.Saxofon" />
		</property>
	</bean>

	<!-- configuracion de AOP con advices por separado -->
	<!-- 
	<aop:config>
		<aop:aspect ref="audiencia">
			<aop:pointcut
				expression="execution(* concursantes.Concursante.ejecutar(..))"
				id="show" />
			<aop:before pointcut-ref="show" method="sentarse" />
			<aop:before pointcut-ref="show" method="apagarCelulares" />
			<aop:after-returning pointcut-ref="show" method="aplaudir" />
			<aop:after-throwing pointcut-ref="show" method="devolucion" />
		</aop:aspect>
	</aop:config>
	 -->


	<!-- configuracion de AOP con Aspect Around -->
	
	<aop:config>
		<aop:aspect ref="audiencia">

			<aop:pointcut expression="execution(* concursantes.Concursante.ejecutar(..))"
				id="show" />

			<aop:around pointcut-ref="show" method="monitorearShow" />

		</aop:aspect>
	</aop:config>
	

	 
	
</beans>
